image_path,pred,true_label,predicted_label,correct
REAL/0000 (10).jpg,0.0066,0,0,True
REAL/0000 (2).jpg,0.0022,0,0,True
REAL/0000 (3).jpg,0.0022,0,0,True
REAL/0000 (4).jpg,0.09,0,0,True
REAL/0000 (5).jpg,0.0056,0,0,True
REAL/0000 (6).jpg,0.0052,0,0,True
REAL/0000 (7).jpg,0.0001,0,0,True
REAL/0000 (8).jpg,0.0144,0,0,True
REAL/0000 (9).jpg,0.0027,0,0,True
REAL/0000.jpg,0.0009,0,0,True
REAL/0001 (10).jpg,0.004,0,0,True
REAL/0001 (2).jpg,0.0002,0,0,True
REAL/0001 (3).jpg,0.928,0,1,False
REAL/0001 (4).jpg,0.0003,0,0,True
REAL/0001 (5).jpg,0.1754,0,0,True
REAL/0001 (6).jpg,0.0282,0,0,True
REAL/0001 (7).jpg,0.0066,0,0,True
REAL/0001 (8).jpg,0.0006,0,0,True
REAL/0001 (9).jpg,0.0014,0,0,True
REAL/0001.jpg,0.0007,0,0,True
REAL/0002 (10).jpg,0.0032,0,0,True
REAL/0002 (2).jpg,0.0004,0,0,True
REAL/0002 (3).jpg,0.0005,0,0,True
REAL/0002 (4).jpg,0.0002,0,0,True
REAL/0002 (5).jpg,0.0045,0,0,True
REAL/0002 (6).jpg,0.0234,0,0,True
REAL/0002 (7).jpg,0.002,0,0,True
REAL/0002 (8).jpg,0.001,0,0,True
REAL/0002 (9).jpg,0.001,0,0,True
REAL/0002.jpg,0.0005,0,0,True
REAL/0003 (10).jpg,0.0007,0,0,True
REAL/0003 (2).jpg,0.0022,0,0,True
REAL/0003 (3).jpg,0.0009,0,0,True
REAL/0003 (4).jpg,0.0003,0,0,True
REAL/0003 (5).jpg,0.0015,0,0,True
REAL/0003 (6).jpg,0.014,0,0,True
REAL/0003 (7).jpg,0.0004,0,0,True
REAL/0003 (8).jpg,0.0004,0,0,True
REAL/0003 (9).jpg,0.0029,0,0,True
REAL/0003.jpg,0.0005,0,0,True
REAL/0004 (10).jpg,0.0147,0,0,True
REAL/0004 (2).jpg,0.0191,0,0,True
REAL/0004 (3).jpg,0.0052,0,0,True
REAL/0004 (4).jpg,0.0275,0,0,True
REAL/0004 (5).jpg,0.0279,0,0,True
REAL/0004 (6).jpg,0.0003,0,0,True
REAL/0004 (7).jpg,0.0017,0,0,True
REAL/0004 (8).jpg,0.0087,0,0,True
REAL/0004 (9).jpg,0.0253,0,0,True
REAL/0004.jpg,0.4765,0,0,True
REAL/0005 (10).jpg,0.0018,0,0,True
REAL/0005 (2).jpg,0.0002,0,0,True
REAL/0005 (3).jpg,0.7736,0,1,False
REAL/0005 (4).jpg,0.9322,0,1,False
REAL/0005 (5).jpg,0.0003,0,0,True
REAL/0005 (6).jpg,0.0006,0,0,True
REAL/0005 (7).jpg,0.0003,0,0,True
REAL/0005 (8).jpg,0.0036,0,0,True
REAL/0005 (9).jpg,0.0145,0,0,True
REAL/0005.jpg,0.0003,0,0,True
REAL/0006 (10).jpg,0.0004,0,0,True
REAL/0006 (2).jpg,0.0033,0,0,True
REAL/0006 (3).jpg,0.0004,0,0,True
REAL/0006 (4).jpg,0.5074,0,1,False
REAL/0006 (5).jpg,0.0146,0,0,True
REAL/0006 (6).jpg,0.0044,0,0,True
REAL/0006 (7).jpg,0.0007,0,0,True
REAL/0006 (8).jpg,0.0045,0,0,True
REAL/0006 (9).jpg,0.0095,0,0,True
REAL/0006.jpg,0.1865,0,0,True
REAL/0007 (10).jpg,0.0012,0,0,True
REAL/0007 (2).jpg,0.0002,0,0,True
REAL/0007 (3).jpg,0.0316,0,0,True
REAL/0007 (4).jpg,0.0019,0,0,True
REAL/0007 (5).jpg,0.0018,0,0,True
REAL/0007 (6).jpg,0.0006,0,0,True
REAL/0007 (7).jpg,0.0003,0,0,True
REAL/0007 (8).jpg,0.0001,0,0,True
REAL/0007 (9).jpg,0.1986,0,0,True
REAL/0007.jpg,0.9694,0,1,False
REAL/0008 (10).jpg,0.0039,0,0,True
REAL/0008 (2).jpg,0.0002,0,0,True
REAL/0008 (3).jpg,0.3228,0,0,True
REAL/0008 (4).jpg,0.0011,0,0,True
REAL/0008 (5).jpg,0.0009,0,0,True
REAL/0008 (6).jpg,0.0006,0,0,True
REAL/0008 (7).jpg,0.0003,0,0,True
REAL/0008 (8).jpg,0.008,0,0,True
REAL/0008 (9).jpg,0.2423,0,0,True
REAL/0008.jpg,0.1375,0,0,True
REAL/0009 (10).jpg,0.2611,0,0,True
REAL/0009 (2).jpg,0.0002,0,0,True
REAL/0009 (3).jpg,0.0005,0,0,True
REAL/0009 (4).jpg,0.0019,0,0,True
REAL/0009 (5).jpg,0.0003,0,0,True
REAL/0009 (6).jpg,0.0026,0,0,True
REAL/0009 (7).jpg,0.0001,0,0,True
REAL/0009 (8).jpg,0.0606,0,0,True
REAL/0009 (9).jpg,0.0018,0,0,True
REAL/0009.jpg,0.0001,0,0,True
REAL/0010 (10).jpg,0.0002,0,0,True
REAL/0010 (2).jpg,0.0003,0,0,True
REAL/0010 (3).jpg,0.0002,0,0,True
REAL/0010 (4).jpg,0.0033,0,0,True
REAL/0010 (5).jpg,0.003,0,0,True
REAL/0010 (6).jpg,0.0001,0,0,True
REAL/0010 (7).jpg,0.1362,0,0,True
REAL/0010 (8).jpg,0.003,0,0,True
REAL/0010 (9).jpg,0.001,0,0,True
REAL/0010.jpg,0.0096,0,0,True
REAL/0011 (10).jpg,0.0034,0,0,True
REAL/0011 (2).jpg,0.0001,0,0,True
REAL/0011 (3).jpg,0.002,0,0,True
REAL/0011 (4).jpg,0.0027,0,0,True
REAL/0011 (5).jpg,0.0039,0,0,True
REAL/0011 (6).jpg,0.0176,0,0,True
REAL/0011 (7).jpg,0.0007,0,0,True
REAL/0011 (8).jpg,0.0682,0,0,True
REAL/0011 (9).jpg,0.0102,0,0,True
REAL/0011.jpg,0.1425,0,0,True
REAL/0012 (10).jpg,0.0006,0,0,True
REAL/0012 (2).jpg,0.0005,0,0,True
REAL/0012 (3).jpg,0.0014,0,0,True
REAL/0012 (4).jpg,0.0011,0,0,True
REAL/0012 (5).jpg,0.0009,0,0,True
REAL/0012 (6).jpg,0.0006,0,0,True
REAL/0012 (7).jpg,0.0004,0,0,True
REAL/0012 (8).jpg,0.0134,0,0,True
REAL/0012 (9).jpg,0.0017,0,0,True
REAL/0012.jpg,0.0539,0,0,True
REAL/0013 (10).jpg,0.9612,0,1,False
REAL/0013 (2).jpg,0.027,0,0,True
REAL/0013 (3).jpg,0.0028,0,0,True
REAL/0013 (4).jpg,0.3065,0,0,True
REAL/0013 (5).jpg,0.05,0,0,True
REAL/0013 (6).jpg,0.0002,0,0,True
REAL/0013 (7).jpg,0.0003,0,0,True
REAL/0013 (8).jpg,0.0013,0,0,True
REAL/0013 (9).jpg,0.0008,0,0,True
REAL/0013.jpg,0.1196,0,0,True
REAL/0014 (10).jpg,0.0318,0,0,True
REAL/0014 (2).jpg,0.0006,0,0,True
REAL/0014 (3).jpg,0.0006,0,0,True
REAL/0014 (4).jpg,0.0052,0,0,True
REAL/0014 (5).jpg,0.0001,0,0,True
REAL/0014 (6).jpg,0.0002,0,0,True
REAL/0014 (7).jpg,0.0006,0,0,True
REAL/0014 (8).jpg,0.0004,0,0,True
REAL/0014 (9).jpg,0.0777,0,0,True
REAL/0014.jpg,0.0005,0,0,True
REAL/0015 (10).jpg,0.0131,0,0,True
REAL/0015 (2).jpg,0.0004,0,0,True
REAL/0015 (3).jpg,0.0051,0,0,True
REAL/0015 (4).jpg,0.0005,0,0,True
REAL/0015 (5).jpg,0.0083,0,0,True
REAL/0015 (6).jpg,0.064,0,0,True
REAL/0015 (7).jpg,0.0017,0,0,True
REAL/0015 (8).jpg,0.0004,0,0,True
REAL/0015 (9).jpg,0.0029,0,0,True
REAL/0015.jpg,0.0311,0,0,True
REAL/0016 (10).jpg,0.0007,0,0,True
REAL/0016 (2).jpg,0.0001,0,0,True
REAL/0016 (3).jpg,0.0013,0,0,True
REAL/0016 (4).jpg,0.0003,0,0,True
REAL/0016 (5).jpg,0.0004,0,0,True
REAL/0016 (6).jpg,0.0001,0,0,True
REAL/0016 (7).jpg,0.0041,0,0,True
REAL/0016 (8).jpg,0.0054,0,0,True
REAL/0016 (9).jpg,0.4435,0,0,True
REAL/0016.jpg,0.0001,0,0,True
REAL/0017 (10).jpg,0.68,0,1,False
REAL/0017 (2).jpg,0.0532,0,0,True
REAL/0017 (3).jpg,0.5895,0,1,False
REAL/0017 (4).jpg,0.1116,0,0,True
REAL/0017 (5).jpg,0.0039,0,0,True
REAL/0017 (6).jpg,0.001,0,0,True
REAL/0017 (7).jpg,0.0044,0,0,True
REAL/0017 (8).jpg,0.1102,0,0,True
REAL/0017 (9).jpg,0.0037,0,0,True
REAL/0017.jpg,0.0005,0,0,True
REAL/0018 (10).jpg,0.0036,0,0,True
REAL/0018 (2).jpg,0.0002,0,0,True
REAL/0018 (3).jpg,0.0446,0,0,True
REAL/0018 (4).jpg,0.9452,0,1,False
REAL/0018 (5).jpg,0.0008,0,0,True
REAL/0018 (6).jpg,0.0005,0,0,True
REAL/0018 (7).jpg,0.0489,0,0,True
REAL/0018 (8).jpg,0.0017,0,0,True
REAL/0018 (9).jpg,0.0007,0,0,True
REAL/0018.jpg,0.0059,0,0,True
REAL/0019 (10).jpg,0.0053,0,0,True
REAL/0019 (2).jpg,0.0007,0,0,True
REAL/0019 (3).jpg,0.0669,0,0,True
REAL/0019 (4).jpg,0.0001,0,0,True
REAL/0019 (5).jpg,0.0002,0,0,True
REAL/0019 (6).jpg,0.0024,0,0,True
REAL/0019 (7).jpg,0.0002,0,0,True
REAL/0019 (8).jpg,0.0108,0,0,True
REAL/0019 (9).jpg,0.7789,0,1,False
REAL/0019.jpg,0.4996,0,0,True
REAL/0020 (10).jpg,0.0004,0,0,True
REAL/0020 (2).jpg,0.0003,0,0,True
REAL/0020 (3).jpg,0.0073,0,0,True
REAL/0020 (4).jpg,0.0389,0,0,True
REAL/0020 (5).jpg,0.0012,0,0,True
REAL/0020 (6).jpg,0.0023,0,0,True
REAL/0020 (7).jpg,0.0001,0,0,True
REAL/0020 (8).jpg,0.0053,0,0,True
REAL/0020 (9).jpg,0.4572,0,0,True
REAL/0020.jpg,0.0003,0,0,True
REAL/0021 (10).jpg,0.0004,0,0,True
REAL/0021 (2).jpg,0.0001,0,0,True
REAL/0021 (3).jpg,0.001,0,0,True
REAL/0021 (4).jpg,0.0169,0,0,True
REAL/0021 (5).jpg,0.0002,0,0,True
REAL/0021 (6).jpg,0.0059,0,0,True
REAL/0021 (7).jpg,0.0004,0,0,True
REAL/0021 (8).jpg,0.002,0,0,True
REAL/0021 (9).jpg,0.0541,0,0,True
REAL/0021.jpg,0.0001,0,0,True
REAL/0022 (10).jpg,0.0315,0,0,True
REAL/0022 (2).jpg,0.0003,0,0,True
REAL/0022 (3).jpg,0.0011,0,0,True
REAL/0022 (4).jpg,0.1577,0,0,True
REAL/0022 (5).jpg,0.0004,0,0,True
REAL/0022 (6).jpg,0.0455,0,0,True
REAL/0022 (7).jpg,0.0008,0,0,True
REAL/0022 (8).jpg,0.0026,0,0,True
REAL/0022 (9).jpg,0.6811,0,1,False
REAL/0022.jpg,0.1558,0,0,True
REAL/0023 (10).jpg,0.0007,0,0,True
REAL/0023 (2).jpg,0.0004,0,0,True
REAL/0023 (3).jpg,0.1095,0,0,True
REAL/0023 (4).jpg,0.0012,0,0,True
REAL/0023 (5).jpg,0.0006,0,0,True
REAL/0023 (6).jpg,0.0001,0,0,True
REAL/0023 (7).jpg,0.0487,0,0,True
REAL/0023 (8).jpg,0.0002,0,0,True
REAL/0023 (9).jpg,0.0116,0,0,True
REAL/0023.jpg,0.0016,0,0,True
REAL/0024 (10).jpg,0.0014,0,0,True
REAL/0024 (2).jpg,0.0008,0,0,True
REAL/0024 (3).jpg,0.0009,0,0,True
REAL/0024 (4).jpg,0.0004,0,0,True
REAL/0024 (5).jpg,0.034,0,0,True
REAL/0024 (6).jpg,0.0011,0,0,True
REAL/0024 (7).jpg,0.0001,0,0,True
REAL/0024 (8).jpg,0.0356,0,0,True
REAL/0024 (9).jpg,0.0073,0,0,True
REAL/0024.jpg,0.0003,0,0,True
REAL/0025 (10).jpg,0.0321,0,0,True
REAL/0025 (2).jpg,0.0003,0,0,True
REAL/0025 (3).jpg,0.0003,0,0,True
REAL/0025 (4).jpg,0.0166,0,0,True
REAL/0025 (5).jpg,0.0038,0,0,True
REAL/0025 (6).jpg,0.0001,0,0,True
REAL/0025 (7).jpg,0.0436,0,0,True
REAL/0025 (8).jpg,0.0002,0,0,True
REAL/0025 (9).jpg,0.0132,0,0,True
REAL/0025.jpg,0.0009,0,0,True
REAL/0026 (10).jpg,0.002,0,0,True
REAL/0026 (2).jpg,0.0001,0,0,True
REAL/0026 (3).jpg,0.0034,0,0,True
REAL/0026 (4).jpg,0.0073,0,0,True
REAL/0026 (5).jpg,0.0007,0,0,True
REAL/0026 (6).jpg,0.0457,0,0,True
REAL/0026 (7).jpg,0.0041,0,0,True
REAL/0026 (8).jpg,0.9727,0,1,False
REAL/0026 (9).jpg,0.0069,0,0,True
REAL/0026.jpg,0.4182,0,0,True
REAL/0027 (10).jpg,0.0045,0,0,True
REAL/0027 (2).jpg,0.0002,0,0,True
REAL/0027 (3).jpg,0.0006,0,0,True
REAL/0027 (4).jpg,0.0023,0,0,True
REAL/0027 (5).jpg,0.0002,0,0,True
REAL/0027 (6).jpg,0.0099,0,0,True
REAL/0027 (7).jpg,0.6437,0,1,False
REAL/0027 (8).jpg,0.0015,0,0,True
REAL/0027 (9).jpg,0.0003,0,0,True
REAL/0027.jpg,0.0004,0,0,True
REAL/0028 (10).jpg,0.0005,0,0,True
REAL/0028 (2).jpg,0.0001,0,0,True
REAL/0028 (3).jpg,0.0049,0,0,True
REAL/0028 (4).jpg,0.0513,0,0,True
REAL/0028 (5).jpg,0.0006,0,0,True
REAL/0028 (6).jpg,0.0005,0,0,True
REAL/0028 (7).jpg,0.0002,0,0,True
REAL/0028 (8).jpg,0.0003,0,0,True
REAL/0028 (9).jpg,0.1422,0,0,True
REAL/0028.jpg,0.0456,0,0,True
REAL/0029 (10).jpg,0.0408,0,0,True
REAL/0029 (2).jpg,0.0002,0,0,True
REAL/0029 (3).jpg,0.0039,0,0,True
REAL/0029 (4).jpg,0.0033,0,0,True
REAL/0029 (5).jpg,0.0052,0,0,True
REAL/0029 (6).jpg,0.007,0,0,True
REAL/0029 (7).jpg,0.0007,0,0,True
REAL/0029 (8).jpg,0.0006,0,0,True
REAL/0029 (9).jpg,0.2515,0,0,True
REAL/0029.jpg,0.0003,0,0,True
REAL/0030 (10).jpg,0.079,0,0,True
REAL/0030 (2).jpg,0.0008,0,0,True
REAL/0030 (3).jpg,0.0029,0,0,True
REAL/0030 (4).jpg,0.0619,0,0,True
REAL/0030 (5).jpg,0.0078,0,0,True
REAL/0030 (6).jpg,0.0004,0,0,True
REAL/0030 (7).jpg,0.0002,0,0,True
REAL/0030 (8).jpg,0.0007,0,0,True
REAL/0030 (9).jpg,0.0001,0,0,True
REAL/0030.jpg,0.0026,0,0,True
REAL/0031 (10).jpg,0.468,0,0,True
REAL/0031 (2).jpg,0.0001,0,0,True
REAL/0031 (3).jpg,0.0328,0,0,True
REAL/0031 (4).jpg,0.0392,0,0,True
REAL/0031 (5).jpg,0.001,0,0,True
REAL/0031 (6).jpg,0.4091,0,0,True
REAL/0031 (7).jpg,0.0003,0,0,True
REAL/0031 (8).jpg,0.0042,0,0,True
REAL/0031 (9).jpg,0.0003,0,0,True
REAL/0031.jpg,0.0315,0,0,True
REAL/0032 (10).jpg,0.6319,0,1,False
REAL/0032 (2).jpg,0.0006,0,0,True
REAL/0032 (3).jpg,0.018,0,0,True
REAL/0032 (4).jpg,0.0013,0,0,True
REAL/0032 (5).jpg,0.0004,0,0,True
REAL/0032 (6).jpg,0.0002,0,0,True
REAL/0032 (7).jpg,0.0012,0,0,True
REAL/0032 (8).jpg,0.0006,0,0,True
REAL/0032 (9).jpg,0.0666,0,0,True
REAL/0032.jpg,0.0095,0,0,True
REAL/0033 (10).jpg,0.0022,0,0,True
REAL/0033 (2).jpg,0.0131,0,0,True
REAL/0033 (3).jpg,0.0006,0,0,True
REAL/0033 (4).jpg,0.0058,0,0,True
REAL/0033 (5).jpg,0.0005,0,0,True
REAL/0033 (6).jpg,0.2283,0,0,True
REAL/0033 (7).jpg,0.0003,0,0,True
REAL/0033 (8).jpg,0.0038,0,0,True
REAL/0033 (9).jpg,0.0008,0,0,True
REAL/0033.jpg,0.01,0,0,True
REAL/0034 (10).jpg,0.0003,0,0,True
REAL/0034 (2).jpg,0.0055,0,0,True
REAL/0034 (3).jpg,0.0018,0,0,True
REAL/0034 (4).jpg,0.004,0,0,True
REAL/0034 (5).jpg,0.0141,0,0,True
REAL/0034 (6).jpg,0.0005,0,0,True
REAL/0034 (7).jpg,0.0035,0,0,True
REAL/0034 (8).jpg,0.0051,0,0,True
REAL/0034 (9).jpg,0.0246,0,0,True
REAL/0034.jpg,0.0099,0,0,True
REAL/0035 (10).jpg,0.0002,0,0,True
REAL/0035 (2).jpg,0.0002,0,0,True
REAL/0035 (3).jpg,0.0044,0,0,True
REAL/0035 (4).jpg,0.001,0,0,True
REAL/0035 (5).jpg,0.004,0,0,True
REAL/0035 (6).jpg,0.0005,0,0,True
REAL/0035 (7).jpg,0.0003,0,0,True
REAL/0035 (8).jpg,0.0006,0,0,True
REAL/0035 (9).jpg,0.6101,0,1,False
REAL/0035.jpg,0.0012,0,0,True
REAL/0036 (10).jpg,0.0008,0,0,True
REAL/0036 (2).jpg,0.0008,0,0,True
REAL/0036 (3).jpg,0.0233,0,0,True
REAL/0036 (4).jpg,0.005,0,0,True
REAL/0036 (5).jpg,0.0234,0,0,True
REAL/0036 (6).jpg,0.0009,0,0,True
REAL/0036 (7).jpg,0.0003,0,0,True
REAL/0036 (8).jpg,0.0001,0,0,True
REAL/0036 (9).jpg,0.8587,0,1,False
REAL/0036.jpg,0.0031,0,0,True
REAL/0037 (10).jpg,0.0763,0,0,True
REAL/0037 (2).jpg,0.0001,0,0,True
REAL/0037 (3).jpg,0.0039,0,0,True
REAL/0037 (4).jpg,0.0003,0,0,True
REAL/0037 (5).jpg,0.0002,0,0,True
REAL/0037 (6).jpg,0.0002,0,0,True
REAL/0037 (7).jpg,0.3232,0,0,True
REAL/0037 (8).jpg,0.0008,0,0,True
REAL/0037 (9).jpg,0.0002,0,0,True
REAL/0037.jpg,0.0002,0,0,True
REAL/0038 (10).jpg,0.0051,0,0,True
REAL/0038 (2).jpg,0.0015,0,0,True
REAL/0038 (3).jpg,0.0007,0,0,True
REAL/0038 (4).jpg,0.2477,0,0,True
REAL/0038 (5).jpg,0.0003,0,0,True
REAL/0038 (6).jpg,0.0136,0,0,True
REAL/0038 (7).jpg,0.0003,0,0,True
REAL/0038 (8).jpg,0.0066,0,0,True
REAL/0038 (9).jpg,0.0341,0,0,True
REAL/0038.jpg,0.0044,0,0,True
REAL/0039 (10).jpg,0.9417,0,1,False
REAL/0039 (2).jpg,0.0019,0,0,True
REAL/0039 (3).jpg,0.1188,0,0,True
REAL/0039 (4).jpg,0.0018,0,0,True
REAL/0039 (5).jpg,0.3605,0,0,True
REAL/0039 (6).jpg,0.0004,0,0,True
REAL/0039 (7).jpg,0.0001,0,0,True
REAL/0039 (8).jpg,0.0005,0,0,True
REAL/0039 (9).jpg,0.5215,0,1,False
REAL/0039.jpg,0.0032,0,0,True
REAL/0040 (10).jpg,0.0102,0,0,True
REAL/0040 (2).jpg,0.0003,0,0,True
REAL/0040 (3).jpg,0.0004,0,0,True
REAL/0040 (4).jpg,0.0017,0,0,True
REAL/0040 (5).jpg,0.0013,0,0,True
REAL/0040 (6).jpg,0.0105,0,0,True
REAL/0040 (7).jpg,0.0002,0,0,True
REAL/0040 (8).jpg,0.0018,0,0,True
REAL/0040 (9).jpg,0.1356,0,0,True
REAL/0040.jpg,0.003,0,0,True
REAL/0041 (10).jpg,0.004,0,0,True
REAL/0041 (2).jpg,0.0004,0,0,True
REAL/0041 (3).jpg,0.0007,0,0,True
REAL/0041 (4).jpg,0.0074,0,0,True
REAL/0041 (5).jpg,0.0003,0,0,True
REAL/0041 (6).jpg,0.0073,0,0,True
REAL/0041 (7).jpg,0.0009,0,0,True
REAL/0041 (8).jpg,0.0031,0,0,True
REAL/0041 (9).jpg,0.0008,0,0,True
REAL/0041.jpg,0.0002,0,0,True
REAL/0042 (10).jpg,0.0002,0,0,True
REAL/0042 (2).jpg,0.0004,0,0,True
REAL/0042 (3).jpg,0.0342,0,0,True
REAL/0042 (4).jpg,0.0611,0,0,True
REAL/0042 (5).jpg,0.0003,0,0,True
REAL/0042 (6).jpg,0.0005,0,0,True
REAL/0042 (7).jpg,0.0002,0,0,True
REAL/0042 (8).jpg,0.1469,0,0,True
REAL/0042 (9).jpg,0.001,0,0,True
REAL/0042.jpg,0.0012,0,0,True
REAL/0043 (10).jpg,0.0271,0,0,True
REAL/0043 (2).jpg,0.0008,0,0,True
REAL/0043 (3).jpg,0.0732,0,0,True
REAL/0043 (4).jpg,0.009,0,0,True
REAL/0043 (5).jpg,0.0005,0,0,True
REAL/0043 (6).jpg,0.0004,0,0,True
REAL/0043 (7).jpg,0.0003,0,0,True
REAL/0043 (8).jpg,0.0006,0,0,True
REAL/0043 (9).jpg,0.0001,0,0,True
REAL/0043.jpg,0.0009,0,0,True
REAL/0044 (10).jpg,0.0009,0,0,True
REAL/0044 (2).jpg,0.0003,0,0,True
REAL/0044 (3).jpg,0.0011,0,0,True
REAL/0044 (4).jpg,0.002,0,0,True
REAL/0044 (5).jpg,0.0003,0,0,True
REAL/0044 (6).jpg,0.0017,0,0,True
REAL/0044 (7).jpg,0.001,0,0,True
REAL/0044 (8).jpg,0.0169,0,0,True
REAL/0044 (9).jpg,0.0012,0,0,True
REAL/0044.jpg,0.584,0,1,False
REAL/0045 (10).jpg,0.0003,0,0,True
REAL/0045 (2).jpg,0.0001,0,0,True
REAL/0045 (3).jpg,0.0007,0,0,True
REAL/0045 (4).jpg,0.0006,0,0,True
REAL/0045 (5).jpg,0.0007,0,0,True
REAL/0045 (6).jpg,0.0031,0,0,True
REAL/0045 (7).jpg,0.0008,0,0,True
REAL/0045 (8).jpg,0.001,0,0,True
REAL/0045 (9).jpg,0.1322,0,0,True
REAL/0045.jpg,0.4409,0,0,True
REAL/0046 (10).jpg,0.1553,0,0,True
REAL/0046 (2).jpg,0.0008,0,0,True
REAL/0046 (3).jpg,0.0005,0,0,True
REAL/0046 (4).jpg,0.0007,0,0,True
REAL/0046 (5).jpg,0.2686,0,0,True
REAL/0046 (6).jpg,0.003,0,0,True
REAL/0046 (7).jpg,0.0178,0,0,True
REAL/0046 (8).jpg,0.0007,0,0,True
REAL/0046 (9).jpg,0.0009,0,0,True
REAL/0046.jpg,0.0001,0,0,True
REAL/0047 (10).jpg,0.0005,0,0,True
REAL/0047 (2).jpg,0.0001,0,0,True
REAL/0047 (3).jpg,0.1933,0,0,True
REAL/0047 (4).jpg,0.0004,0,0,True
REAL/0047 (5).jpg,0.4291,0,0,True
REAL/0047 (6).jpg,0.0093,0,0,True
REAL/0047 (7).jpg,0.0001,0,0,True
REAL/0047 (8).jpg,0.0019,0,0,True
REAL/0047 (9).jpg,0.03,0,0,True
REAL/0047.jpg,0.3826,0,0,True
REAL/0048 (10).jpg,0.0037,0,0,True
REAL/0048 (2).jpg,0.0001,0,0,True
REAL/0048 (3).jpg,0.0004,0,0,True
REAL/0048 (4).jpg,0.0006,0,0,True
REAL/0048 (5).jpg,0.0011,0,0,True
REAL/0048 (6).jpg,0.0011,0,0,True
REAL/0048 (7).jpg,0.0411,0,0,True
REAL/0048 (8).jpg,0.063,0,0,True
REAL/0048 (9).jpg,0.0049,0,0,True
REAL/0048.jpg,0.0006,0,0,True
REAL/0049 (10).jpg,0.0012,0,0,True
REAL/0049 (2).jpg,0.8098,0,1,False
REAL/0049 (3).jpg,0.0041,0,0,True
REAL/0049 (4).jpg,0.0003,0,0,True
REAL/0049 (5).jpg,0.0089,0,0,True
REAL/0049 (6).jpg,0.0002,0,0,True
REAL/0049 (7).jpg,0.0001,0,0,True
REAL/0049 (8).jpg,0.0023,0,0,True
REAL/0049 (9).jpg,0.0028,0,0,True
REAL/0049.jpg,0.0015,0,0,True
FAKE/0 (10).jpg,0.9993,1,1,True
FAKE/0 (2).jpg,0.9989,1,1,True
FAKE/0 (3).jpg,0.9996,1,1,True
FAKE/0 (4).jpg,0.9999,1,1,True
FAKE/0 (5).jpg,0.9999,1,1,True
FAKE/0 (6).jpg,0.9999,1,1,True
FAKE/0 (7).jpg,0.9999,1,1,True
FAKE/0 (8).jpg,0.9999,1,1,True
FAKE/0 (9).jpg,0.9997,1,1,True
FAKE/0.jpg,0.9992,1,1,True
FAKE/1 (10).jpg,0.9967,1,1,True
FAKE/1 (2).jpg,0.9999,1,1,True
FAKE/1 (3).jpg,0.906,1,1,True
FAKE/1 (4).jpg,0.9999,1,1,True
FAKE/1 (5).jpg,0.9998,1,1,True
FAKE/1 (6).jpg,0.9999,1,1,True
FAKE/1 (7).jpg,0.9999,1,1,True
FAKE/1 (8).jpg,0.9984,1,1,True
FAKE/1 (9).jpg,0.9987,1,1,True
FAKE/1.jpg,0.9987,1,1,True
FAKE/10 (10).jpg,0.9998,1,1,True
FAKE/10 (2).jpg,0.9998,1,1,True
FAKE/10 (3).jpg,0.9999,1,1,True
FAKE/10 (4).jpg,0.9998,1,1,True
FAKE/10 (5).jpg,0.9998,1,1,True
FAKE/10 (6).jpg,0.9993,1,1,True
FAKE/10 (7).jpg,0.9999,1,1,True
FAKE/10 (8).jpg,0.9994,1,1,True
FAKE/10 (9).jpg,0.9989,1,1,True
FAKE/10.jpg,0.9788,1,1,True
FAKE/100 (10).jpg,0.9737,1,1,True
FAKE/100 (2).jpg,0.9997,1,1,True
FAKE/100 (3).jpg,0.9958,1,1,True
FAKE/100 (4).jpg,0.9999,1,1,True
FAKE/100 (5).jpg,0.9948,1,1,True
FAKE/100 (6).jpg,0.9999,1,1,True
FAKE/100 (7).jpg,0.9999,1,1,True
FAKE/100 (8).jpg,0.9998,1,1,True
FAKE/100 (9).jpg,0.9991,1,1,True
FAKE/100.jpg,0.999,1,1,True
FAKE/101 (10).jpg,0.9992,1,1,True
FAKE/101 (2).jpg,0.9985,1,1,True
FAKE/101 (3).jpg,0.9992,1,1,True
FAKE/101 (4).jpg,0.9999,1,1,True
FAKE/101 (5).jpg,0.9999,1,1,True
FAKE/101 (6).jpg,0.9998,1,1,True
FAKE/101 (7).jpg,1.0,1,1,True
FAKE/101 (8).jpg,0.9996,1,1,True
FAKE/101 (9).jpg,0.9839,1,1,True
FAKE/101.jpg,0.9971,1,1,True
FAKE/102 (10).jpg,0.9517,1,1,True
FAKE/102 (2).jpg,0.8041,1,1,True
FAKE/102 (3).jpg,0.9985,1,1,True
FAKE/102 (4).jpg,0.9998,1,1,True
FAKE/102 (5).jpg,0.9998,1,1,True
FAKE/102 (6).jpg,0.9996,1,1,True
FAKE/102 (7).jpg,0.9997,1,1,True
FAKE/102 (8).jpg,0.6047,1,1,True
FAKE/102 (9).jpg,0.0331,1,0,False
FAKE/102.jpg,0.9996,1,1,True
FAKE/103 (10).jpg,0.9974,1,1,True
FAKE/103 (2).jpg,0.998,1,1,True
FAKE/103 (3).jpg,0.9995,1,1,True
FAKE/103 (4).jpg,0.9999,1,1,True
FAKE/103 (5).jpg,0.9998,1,1,True
FAKE/103 (6).jpg,0.9999,1,1,True
FAKE/103 (7).jpg,1.0,1,1,True
FAKE/103 (8).jpg,0.9992,1,1,True
FAKE/103 (9).jpg,0.9989,1,1,True
FAKE/103.jpg,0.9954,1,1,True
FAKE/104 (10).jpg,0.9998,1,1,True
FAKE/104 (2).jpg,0.9998,1,1,True
FAKE/104 (3).jpg,0.8942,1,1,True
FAKE/104 (4).jpg,0.9988,1,1,True
FAKE/104 (5).jpg,0.9999,1,1,True
FAKE/104 (6).jpg,0.9996,1,1,True
FAKE/104 (7).jpg,1.0,1,1,True
FAKE/104 (8).jpg,0.9999,1,1,True
FAKE/104 (9).jpg,0.9997,1,1,True
FAKE/104.jpg,0.9418,1,1,True
FAKE/105 (10).jpg,0.8319,1,1,True
FAKE/105 (2).jpg,0.9993,1,1,True
FAKE/105 (3).jpg,0.9966,1,1,True
FAKE/105 (4).jpg,0.9999,1,1,True
FAKE/105 (5).jpg,0.9999,1,1,True
FAKE/105 (6).jpg,0.917,1,1,True
FAKE/105 (7).jpg,0.9999,1,1,True
FAKE/105 (8).jpg,0.9999,1,1,True
FAKE/105 (9).jpg,0.998,1,1,True
FAKE/105.jpg,0.9968,1,1,True
FAKE/106 (10).jpg,0.9974,1,1,True
FAKE/106 (2).jpg,0.9996,1,1,True
FAKE/106 (3).jpg,0.0772,1,0,False
FAKE/106 (4).jpg,0.9989,1,1,True
FAKE/106 (5).jpg,0.9999,1,1,True
FAKE/106 (6).jpg,0.9996,1,1,True
FAKE/106 (7).jpg,1.0,1,1,True
FAKE/106 (8).jpg,0.9999,1,1,True
FAKE/106 (9).jpg,0.9998,1,1,True
FAKE/106.jpg,0.9989,1,1,True
FAKE/107 (10).jpg,0.9838,1,1,True
FAKE/107 (2).jpg,0.9999,1,1,True
FAKE/107 (3).jpg,0.9992,1,1,True
FAKE/107 (4).jpg,0.9999,1,1,True
FAKE/107 (5).jpg,0.9983,1,1,True
FAKE/107 (6).jpg,0.9997,1,1,True
FAKE/107 (7).jpg,0.9999,1,1,True
FAKE/107 (8).jpg,0.9698,1,1,True
FAKE/107 (9).jpg,0.9909,1,1,True
FAKE/107.jpg,0.999,1,1,True
FAKE/108 (10).jpg,0.9998,1,1,True
FAKE/108 (2).jpg,0.9997,1,1,True
FAKE/108 (3).jpg,0.9998,1,1,True
FAKE/108 (4).jpg,0.9999,1,1,True
FAKE/108 (5).jpg,0.9999,1,1,True
FAKE/108 (6).jpg,0.9999,1,1,True
FAKE/108 (7).jpg,0.9998,1,1,True
FAKE/108 (8).jpg,0.9984,1,1,True
FAKE/108 (9).jpg,0.9934,1,1,True
FAKE/108.jpg,0.9992,1,1,True
FAKE/109 (10).jpg,0.957,1,1,True
FAKE/109 (2).jpg,0.9999,1,1,True
FAKE/109 (3).jpg,0.9964,1,1,True
FAKE/109 (4).jpg,0.9598,1,1,True
FAKE/109 (5).jpg,0.9998,1,1,True
FAKE/109 (6).jpg,0.9996,1,1,True
FAKE/109 (7).jpg,0.9999,1,1,True
FAKE/109 (8).jpg,0.9868,1,1,True
FAKE/109 (9).jpg,0.8996,1,1,True
FAKE/109.jpg,0.9967,1,1,True
FAKE/11 (10).jpg,0.9948,1,1,True
FAKE/11 (2).jpg,0.9998,1,1,True
FAKE/11 (3).jpg,0.9997,1,1,True
FAKE/11 (4).jpg,0.9957,1,1,True
FAKE/11 (5).jpg,0.9996,1,1,True
FAKE/11 (6).jpg,0.9999,1,1,True
FAKE/11 (7).jpg,0.9971,1,1,True
FAKE/11 (8).jpg,0.9996,1,1,True
FAKE/11 (9).jpg,0.9828,1,1,True
FAKE/11.jpg,0.9993,1,1,True
FAKE/110 (10).jpg,0.9964,1,1,True
FAKE/110 (2).jpg,0.9973,1,1,True
FAKE/110 (3).jpg,0.9994,1,1,True
FAKE/110 (4).jpg,0.9999,1,1,True
FAKE/110 (5).jpg,0.9999,1,1,True
FAKE/110 (6).jpg,0.9999,1,1,True
FAKE/110 (7).jpg,0.9999,1,1,True
FAKE/110 (8).jpg,0.9436,1,1,True
FAKE/110 (9).jpg,0.9904,1,1,True
FAKE/110.jpg,0.7487,1,1,True
FAKE/111 (10).jpg,0.9994,1,1,True
FAKE/111 (2).jpg,0.9923,1,1,True
FAKE/111 (3).jpg,0.9997,1,1,True
FAKE/111 (4).jpg,0.9998,1,1,True
FAKE/111 (5).jpg,0.9997,1,1,True
FAKE/111 (6).jpg,0.9996,1,1,True
FAKE/111 (7).jpg,1.0,1,1,True
FAKE/111 (8).jpg,0.9998,1,1,True
FAKE/111 (9).jpg,0.9986,1,1,True
FAKE/111.jpg,0.9426,1,1,True
FAKE/112 (10).jpg,0.9989,1,1,True
FAKE/112 (2).jpg,0.9923,1,1,True
FAKE/112 (3).jpg,0.9325,1,1,True
FAKE/112 (4).jpg,0.9998,1,1,True
FAKE/112 (5).jpg,0.9999,1,1,True
FAKE/112 (6).jpg,0.9942,1,1,True
FAKE/112 (7).jpg,0.9999,1,1,True
FAKE/112 (8).jpg,0.9998,1,1,True
FAKE/112 (9).jpg,0.9988,1,1,True
FAKE/112.jpg,0.9997,1,1,True
FAKE/113 (10).jpg,0.9804,1,1,True
FAKE/113 (2).jpg,0.9996,1,1,True
FAKE/113 (3).jpg,0.9378,1,1,True
FAKE/113 (4).jpg,0.9997,1,1,True
FAKE/113 (5).jpg,0.9999,1,1,True
FAKE/113 (6).jpg,0.9998,1,1,True
FAKE/113 (7).jpg,0.9999,1,1,True
FAKE/113 (8).jpg,0.9996,1,1,True
FAKE/113 (9).jpg,0.9988,1,1,True
FAKE/113.jpg,0.9995,1,1,True
FAKE/114 (10).jpg,0.9998,1,1,True
FAKE/114 (2).jpg,0.9347,1,1,True
FAKE/114 (3).jpg,0.9976,1,1,True
FAKE/114 (4).jpg,0.9999,1,1,True
FAKE/114 (5).jpg,0.9999,1,1,True
FAKE/114 (6).jpg,0.9999,1,1,True
FAKE/114 (7).jpg,0.8511,1,1,True
FAKE/114 (8).jpg,0.999,1,1,True
FAKE/114 (9).jpg,0.9998,1,1,True
FAKE/114.jpg,0.9874,1,1,True
FAKE/115 (10).jpg,0.9984,1,1,True
FAKE/115 (2).jpg,0.9998,1,1,True
FAKE/115 (3).jpg,0.9505,1,1,True
FAKE/115 (4).jpg,0.8237,1,1,True
FAKE/115 (5).jpg,0.9995,1,1,True
FAKE/115 (6).jpg,0.9997,1,1,True
FAKE/115 (7).jpg,0.9999,1,1,True
FAKE/115 (8).jpg,0.9989,1,1,True
FAKE/115 (9).jpg,0.9909,1,1,True
FAKE/115.jpg,0.9954,1,1,True
FAKE/116 (10).jpg,0.9993,1,1,True
FAKE/116 (2).jpg,0.998,1,1,True
FAKE/116 (3).jpg,0.9997,1,1,True
FAKE/116 (4).jpg,0.9999,1,1,True
FAKE/116 (5).jpg,0.9998,1,1,True
FAKE/116 (6).jpg,0.9999,1,1,True
FAKE/116 (7).jpg,0.9999,1,1,True
FAKE/116 (8).jpg,0.9994,1,1,True
FAKE/116 (9).jpg,0.9996,1,1,True
FAKE/116.jpg,0.999,1,1,True
FAKE/117 (10).jpg,0.9997,1,1,True
FAKE/117 (2).jpg,0.9998,1,1,True
FAKE/117 (3).jpg,0.1544,1,0,False
FAKE/117 (4).jpg,0.9999,1,1,True
FAKE/117 (5).jpg,0.9999,1,1,True
FAKE/117 (6).jpg,0.9994,1,1,True
FAKE/117 (7).jpg,0.9997,1,1,True
FAKE/117 (8).jpg,0.9997,1,1,True
FAKE/117 (9).jpg,0.984,1,1,True
FAKE/117.jpg,0.999,1,1,True
FAKE/118 (10).jpg,0.9982,1,1,True
FAKE/118 (2).jpg,0.9999,1,1,True
FAKE/118 (3).jpg,0.9956,1,1,True
FAKE/118 (4).jpg,0.999,1,1,True
FAKE/118 (5).jpg,0.9998,1,1,True
FAKE/118 (6).jpg,0.9999,1,1,True
FAKE/118 (7).jpg,0.9999,1,1,True
FAKE/118 (8).jpg,0.969,1,1,True
FAKE/118 (9).jpg,0.9997,1,1,True
FAKE/118.jpg,0.948,1,1,True
FAKE/119 (10).jpg,0.9985,1,1,True
FAKE/119 (2).jpg,0.9997,1,1,True
FAKE/119 (3).jpg,0.9658,1,1,True
FAKE/119 (4).jpg,0.9996,1,1,True
FAKE/119 (5).jpg,0.9999,1,1,True
FAKE/119 (6).jpg,0.9988,1,1,True
FAKE/119 (7).jpg,0.9997,1,1,True
FAKE/119 (8).jpg,0.9631,1,1,True
FAKE/119 (9).jpg,0.9974,1,1,True
FAKE/119.jpg,0.9978,1,1,True
FAKE/12 (10).jpg,0.9707,1,1,True
FAKE/12 (2).jpg,0.9998,1,1,True
FAKE/12 (3).jpg,0.961,1,1,True
FAKE/12 (4).jpg,0.9999,1,1,True
FAKE/12 (5).jpg,0.9999,1,1,True
FAKE/12 (6).jpg,0.9993,1,1,True
FAKE/12 (7).jpg,0.9999,1,1,True
FAKE/12 (8).jpg,0.9962,1,1,True
FAKE/12 (9).jpg,0.9765,1,1,True
FAKE/12.jpg,0.9722,1,1,True
FAKE/120 (10).jpg,0.9998,1,1,True
FAKE/120 (2).jpg,0.998,1,1,True
FAKE/120 (3).jpg,0.9937,1,1,True
FAKE/120 (4).jpg,0.9999,1,1,True
FAKE/120 (5).jpg,0.9998,1,1,True
FAKE/120 (6).jpg,0.9821,1,1,True
FAKE/120 (7).jpg,0.9999,1,1,True
FAKE/120 (8).jpg,0.9835,1,1,True
FAKE/120 (9).jpg,0.9996,1,1,True
FAKE/120.jpg,0.9878,1,1,True
FAKE/121 (10).jpg,0.9721,1,1,True
FAKE/121 (2).jpg,0.9998,1,1,True
FAKE/121 (3).jpg,0.9993,1,1,True
FAKE/121 (4).jpg,0.9998,1,1,True
FAKE/121 (5).jpg,0.9999,1,1,True
FAKE/121 (6).jpg,0.9994,1,1,True
FAKE/121 (7).jpg,0.9999,1,1,True
FAKE/121 (8).jpg,0.9998,1,1,True
FAKE/121 (9).jpg,0.9998,1,1,True
FAKE/121.jpg,0.9997,1,1,True
FAKE/122 (10).jpg,0.9963,1,1,True
FAKE/122 (2).jpg,0.9999,1,1,True
FAKE/122 (3).jpg,0.9981,1,1,True
FAKE/122 (4).jpg,0.9999,1,1,True
FAKE/122 (5).jpg,0.9999,1,1,True
FAKE/122 (6).jpg,0.9999,1,1,True
FAKE/122 (7).jpg,1.0,1,1,True
FAKE/122 (8).jpg,0.9998,1,1,True
FAKE/122 (9).jpg,0.9038,1,1,True
FAKE/122.jpg,0.9992,1,1,True
FAKE/123 (10).jpg,0.9988,1,1,True
FAKE/123 (2).jpg,0.9998,1,1,True
FAKE/123 (3).jpg,0.9964,1,1,True
FAKE/123 (4).jpg,0.9978,1,1,True
FAKE/123 (5).jpg,0.9999,1,1,True
FAKE/123 (6).jpg,0.9997,1,1,True
FAKE/123 (7).jpg,0.9999,1,1,True
FAKE/123 (8).jpg,0.9996,1,1,True
FAKE/123 (9).jpg,0.9998,1,1,True
FAKE/123.jpg,0.9997,1,1,True
FAKE/124 (10).jpg,0.9235,1,1,True
FAKE/124 (2).jpg,0.9998,1,1,True
FAKE/124 (3).jpg,0.976,1,1,True
FAKE/124 (4).jpg,0.9995,1,1,True
FAKE/124 (5).jpg,0.9999,1,1,True
FAKE/124 (6).jpg,0.9998,1,1,True
FAKE/124 (7).jpg,0.9999,1,1,True
FAKE/124 (8).jpg,0.9997,1,1,True
FAKE/124 (9).jpg,0.7341,1,1,True
FAKE/124.jpg,0.9998,1,1,True
FAKE/125 (10).jpg,0.9984,1,1,True
FAKE/125 (2).jpg,0.9998,1,1,True
FAKE/125 (3).jpg,0.9969,1,1,True
FAKE/125 (4).jpg,0.9999,1,1,True
FAKE/125 (5).jpg,0.9999,1,1,True
FAKE/125 (6).jpg,0.9999,1,1,True
FAKE/125 (7).jpg,0.9999,1,1,True
FAKE/125 (8).jpg,0.3473,1,0,False
FAKE/125 (9).jpg,0.9972,1,1,True
FAKE/125.jpg,0.9946,1,1,True
FAKE/126 (10).jpg,0.9995,1,1,True
FAKE/126 (2).jpg,0.9564,1,1,True
FAKE/126 (3).jpg,0.9998,1,1,True
FAKE/126 (4).jpg,0.9995,1,1,True
FAKE/126 (5).jpg,0.9999,1,1,True
FAKE/126 (6).jpg,0.9985,1,1,True
FAKE/126 (7).jpg,1.0,1,1,True
FAKE/126 (8).jpg,0.9998,1,1,True
FAKE/126 (9).jpg,0.9986,1,1,True
FAKE/126.jpg,0.9791,1,1,True
FAKE/127 (10).jpg,0.9992,1,1,True
FAKE/127 (2).jpg,0.9999,1,1,True
FAKE/127 (3).jpg,0.9724,1,1,True
FAKE/127 (4).jpg,0.998,1,1,True
FAKE/127 (5).jpg,0.9999,1,1,True
FAKE/127 (6).jpg,0.9998,1,1,True
FAKE/127 (7).jpg,0.9999,1,1,True
FAKE/127 (8).jpg,0.9994,1,1,True
FAKE/127 (9).jpg,0.974,1,1,True
FAKE/127.jpg,0.9974,1,1,True
FAKE/128 (10).jpg,0.9962,1,1,True
FAKE/128 (2).jpg,0.9999,1,1,True
FAKE/128 (3).jpg,0.9853,1,1,True
FAKE/128 (4).jpg,0.9999,1,1,True
FAKE/128 (5).jpg,0.9999,1,1,True
FAKE/128 (6).jpg,0.9877,1,1,True
FAKE/128 (7).jpg,0.9999,1,1,True
FAKE/128 (8).jpg,0.9996,1,1,True
FAKE/128 (9).jpg,0.9987,1,1,True
FAKE/128.jpg,0.9997,1,1,True
FAKE/129 (10).jpg,0.9871,1,1,True
FAKE/129 (2).jpg,0.9999,1,1,True
FAKE/129 (3).jpg,0.9997,1,1,True
FAKE/129 (4).jpg,0.9999,1,1,True
FAKE/129 (5).jpg,0.9999,1,1,True
FAKE/129 (6).jpg,0.9998,1,1,True
FAKE/129 (7).jpg,0.9999,1,1,True
FAKE/129 (8).jpg,0.9997,1,1,True
FAKE/129 (9).jpg,0.9993,1,1,True
FAKE/129.jpg,0.9831,1,1,True
FAKE/13 (10).jpg,0.9988,1,1,True
FAKE/13 (2).jpg,0.9998,1,1,True
FAKE/13 (3).jpg,0.9987,1,1,True
FAKE/13 (4).jpg,0.9999,1,1,True
FAKE/13 (5).jpg,0.9999,1,1,True
FAKE/13 (6).jpg,0.9999,1,1,True
FAKE/13 (7).jpg,0.9999,1,1,True
FAKE/13 (8).jpg,0.9998,1,1,True
FAKE/13 (9).jpg,0.9398,1,1,True
FAKE/13.jpg,0.9822,1,1,True
FAKE/130 (10).jpg,0.9994,1,1,True
FAKE/130 (2).jpg,0.9999,1,1,True
FAKE/130 (3).jpg,0.9936,1,1,True
FAKE/130 (4).jpg,0.9994,1,1,True
FAKE/130 (5).jpg,0.9991,1,1,True
FAKE/130 (6).jpg,0.9999,1,1,True
FAKE/130 (7).jpg,1.0,1,1,True
FAKE/130 (8).jpg,0.9998,1,1,True
FAKE/130 (9).jpg,0.8532,1,1,True
FAKE/130.jpg,0.9935,1,1,True
FAKE/131 (10).jpg,0.998,1,1,True
FAKE/131 (2).jpg,0.9999,1,1,True
FAKE/131 (3).jpg,0.9989,1,1,True
FAKE/131 (4).jpg,0.9922,1,1,True
FAKE/131 (5).jpg,0.9999,1,1,True
FAKE/131 (6).jpg,0.9997,1,1,True
FAKE/131 (7).jpg,0.9999,1,1,True
FAKE/131 (8).jpg,0.9583,1,1,True
FAKE/131 (9).jpg,0.9872,1,1,True
FAKE/131.jpg,0.9992,1,1,True
FAKE/132 (10).jpg,0.9995,1,1,True
FAKE/132 (2).jpg,0.9328,1,1,True
FAKE/132 (3).jpg,0.9987,1,1,True
FAKE/132 (4).jpg,0.9994,1,1,True
FAKE/132 (5).jpg,0.9999,1,1,True
FAKE/132 (6).jpg,0.9998,1,1,True
FAKE/132 (7).jpg,0.9999,1,1,True
FAKE/132 (8).jpg,0.7815,1,1,True
FAKE/132 (9).jpg,0.9992,1,1,True
FAKE/132.jpg,0.8688,1,1,True
FAKE/133 (10).jpg,0.9956,1,1,True
FAKE/133 (2).jpg,0.9998,1,1,True
FAKE/133 (3).jpg,0.9589,1,1,True
FAKE/133 (4).jpg,0.9998,1,1,True
FAKE/133 (5).jpg,0.9996,1,1,True
FAKE/133 (6).jpg,0.9999,1,1,True
FAKE/133 (7).jpg,0.9995,1,1,True
FAKE/133 (8).jpg,0.9995,1,1,True
FAKE/133 (9).jpg,0.9964,1,1,True
FAKE/133.jpg,0.9882,1,1,True
FAKE/134 (10).jpg,0.8329,1,1,True
FAKE/134 (2).jpg,0.9998,1,1,True
FAKE/134 (3).jpg,0.9999,1,1,True
FAKE/134 (4).jpg,0.9999,1,1,True
FAKE/134 (5).jpg,0.9997,1,1,True
FAKE/134 (6).jpg,0.9929,1,1,True
FAKE/134 (7).jpg,0.9999,1,1,True
FAKE/134 (8).jpg,0.7323,1,1,True
FAKE/134 (9).jpg,0.9993,1,1,True
FAKE/134.jpg,0.978,1,1,True
FAKE/135 (10).jpg,0.9992,1,1,True
FAKE/135 (2).jpg,0.9998,1,1,True
FAKE/135 (3).jpg,0.9998,1,1,True
FAKE/135 (4).jpg,0.9997,1,1,True
FAKE/135 (5).jpg,0.9999,1,1,True
FAKE/135 (6).jpg,0.9997,1,1,True
FAKE/135 (7).jpg,0.9999,1,1,True
FAKE/135 (8).jpg,0.9985,1,1,True
FAKE/135 (9).jpg,0.9719,1,1,True
FAKE/135.jpg,0.98,1,1,True
FAKE/136 (10).jpg,0.9998,1,1,True
FAKE/136 (2).jpg,0.9999,1,1,True
FAKE/136 (3).jpg,0.9997,1,1,True
FAKE/136 (4).jpg,0.9976,1,1,True
FAKE/136 (5).jpg,0.9919,1,1,True
FAKE/136 (6).jpg,0.9998,1,1,True
FAKE/136 (7).jpg,0.9999,1,1,True
FAKE/136 (8).jpg,0.9976,1,1,True
FAKE/136 (9).jpg,0.9934,1,1,True
FAKE/136.jpg,0.999,1,1,True
FAKE/137 (10).jpg,0.9958,1,1,True
FAKE/137 (2).jpg,0.9985,1,1,True
FAKE/137 (3).jpg,0.9998,1,1,True
FAKE/137 (4).jpg,0.9999,1,1,True
FAKE/137 (5).jpg,0.9998,1,1,True
FAKE/137 (6).jpg,0.9823,1,1,True
FAKE/137 (7).jpg,0.9999,1,1,True
FAKE/137 (8).jpg,0.9998,1,1,True
FAKE/137 (9).jpg,0.9929,1,1,True
FAKE/137.jpg,0.0027,1,0,False
FAKE/138 (10).jpg,0.9998,1,1,True
FAKE/138 (2).jpg,0.9994,1,1,True
FAKE/138 (3).jpg,0.7994,1,1,True
FAKE/138 (4).jpg,0.9999,1,1,True
FAKE/138 (5).jpg,0.9999,1,1,True
FAKE/138 (6).jpg,0.9999,1,1,True
FAKE/138 (7).jpg,1.0,1,1,True
FAKE/138 (8).jpg,0.9993,1,1,True
FAKE/138 (9).jpg,0.7936,1,1,True
FAKE/138.jpg,0.9991,1,1,True
FAKE/139 (10).jpg,0.9961,1,1,True
FAKE/139 (2).jpg,0.9998,1,1,True
FAKE/139 (3).jpg,0.7768,1,1,True
FAKE/139 (4).jpg,0.9999,1,1,True
FAKE/139 (5).jpg,0.9999,1,1,True
FAKE/139 (6).jpg,0.9993,1,1,True
FAKE/139 (7).jpg,0.9999,1,1,True
FAKE/139 (8).jpg,0.9626,1,1,True
FAKE/139 (9).jpg,0.9621,1,1,True
FAKE/139.jpg,0.8069,1,1,True
FAKE/14 (10).jpg,0.9955,1,1,True
FAKE/14 (2).jpg,0.9999,1,1,True
FAKE/14 (3).jpg,0.9998,1,1,True
FAKE/14 (4).jpg,0.9992,1,1,True
FAKE/14 (5).jpg,0.847,1,1,True
FAKE/14 (6).jpg,0.9997,1,1,True
FAKE/14 (7).jpg,0.9999,1,1,True
FAKE/14 (8).jpg,0.9998,1,1,True
FAKE/14 (9).jpg,0.9992,1,1,True
FAKE/14.jpg,0.9991,1,1,True
FAKE/140 (10).jpg,0.9996,1,1,True
FAKE/140 (2).jpg,0.9999,1,1,True
FAKE/140 (3).jpg,0.9988,1,1,True
FAKE/140 (4).jpg,0.9999,1,1,True
FAKE/140 (5).jpg,0.9999,1,1,True
FAKE/140 (6).jpg,0.9997,1,1,True
FAKE/140 (7).jpg,1.0,1,1,True
FAKE/140 (8).jpg,0.9999,1,1,True
FAKE/140 (9).jpg,0.9973,1,1,True
FAKE/140.jpg,0.9996,1,1,True
FAKE/141 (10).jpg,0.9155,1,1,True
FAKE/141 (2).jpg,0.9997,1,1,True
FAKE/141 (3).jpg,0.9928,1,1,True
FAKE/141 (4).jpg,0.9999,1,1,True
FAKE/141 (5).jpg,0.9998,1,1,True
FAKE/141 (6).jpg,0.9967,1,1,True
FAKE/141 (7).jpg,1.0,1,1,True
FAKE/141 (8).jpg,0.9998,1,1,True
FAKE/141 (9).jpg,0.9991,1,1,True
FAKE/141.jpg,0.996,1,1,True
FAKE/142 (10).jpg,0.9933,1,1,True
FAKE/142 (2).jpg,0.9995,1,1,True
FAKE/142 (3).jpg,0.9903,1,1,True
FAKE/142 (4).jpg,0.9999,1,1,True
FAKE/142 (5).jpg,0.9998,1,1,True
FAKE/142 (6).jpg,0.9998,1,1,True
FAKE/142 (7).jpg,0.9999,1,1,True
FAKE/142 (8).jpg,0.9998,1,1,True
FAKE/142 (9).jpg,0.9994,1,1,True
FAKE/142.jpg,0.9996,1,1,True
